Date,Open,High,Low,Close,Adj Close,Volume
2019-10-15,0.997260,1.014359,0.996549,1.003893,1.003893,13850277
2019-10-16,1.003893,1.009945,0.999362,1.005177,1.005177,14176445
2019-10-17,1.005809,1.008817,1.001204,1.003886,1.003886,14789045
2019-10-18,1.003929,1.017448,1.000015,1.002020,1.002020,13152085
2019-10-19,1.002371,1.010480,0.996031,1.005235,1.005235,12960550
2019-10-20,1.004520,1.008735,0.996029,1.000207,1.000207,14794258
2019-10-21,1.000611,1.006384,0.997327,1.002569,1.002569,31428603
2019-10-22,1.002751,1.007388,1.000416,1.004148,1.004148,46768875
2019-10-23,1.004369,1.037302,0.966242,1.004275,1.004275,39866323
2019-10-24,1.003182,1.009779,0.965418,1.008367,1.008367,48812865
2019-10-25,1.008367,1.010323,0.971442,0.999781,0.999781,44880269
2019-10-26,1.000310,1.011972,0.961649,0.999114,0.999114,90622023
2019-10-27,0.999114,1.010254,0.974857,1.001052,1.001052,97655445
2019-10-28,1.001319,1.008719,0.976938,1.002006,1.002006,102910537
2019-10-29,1.002006,1.014709,0.992223,1.000432,1.000432,58373558
2019-10-30,1.000904,1.007154,0.997231,1.004318,1.004318,53041018
2019-10-31,1.004407,1.031525,0.996038,1.004503,1.004503,53636374
2019-11-01,1.004579,1.009895,1.000302,1.003274,1.003274,72966499
2019-11-02,1.003274,1.010427,0.996147,1.003012,1.003012,33259554
2019-11-03,1.002831,1.012088,0.997118,1.002948,1.002948,21004007
2019-11-04,1.002331,1.007161,0.988998,1.001622,1.001622,35071462
2019-11-05,1.001622,1.008675,0.994071,1.003143,1.003143,45423587
2019-11-06,1.003357,1.007100,0.999306,1.002485,1.002485,36094175
2019-11-07,1.002551,1.010596,0.999381,1.006968,1.006968,27825732
2019-11-08,1.006985,1.018280,0.999745,1.004138,1.004138,28644537
2019-11-09,1.003892,1.008017,0.998918,1.000200,1.000200,23185473
2019-11-10,1.000314,1.008408,0.986883,1.002132,1.002132,25156585
2019-11-11,1.002132,1.013823,0.999310,1.004249,1.004249,18258103
2019-11-12,1.004434,1.012071,0.998692,1.001954,1.001954,48215226
2019-11-13,1.001967,1.032545,1.000546,1.005024,1.005024,41148461
2019-11-14,1.005225,1.015331,1.001947,1.008243,1.008243,44635945
2019-11-15,1.008243,1.020744,0.997303,1.003332,1.003332,34309525
2019-11-16,1.003315,1.011927,1.002991,1.007813,1.007813,92310087
2019-11-17,1.007813,1.019129,1.005024,1.009073,1.009073,293613447
2019-11-18,1.008757,1.023086,1.007615,1.014566,1.014566,41988227
2019-11-19,1.014887,1.029273,1.004233,1.010559,1.010559,38869307
2019-11-20,1.010559,1.020154,1.005178,1.006687,1.006687,44942118
2019-11-21,1.006326,1.026601,1.002235,1.003077,1.003077,49161963
2019-11-22,1.003077,1.021600,0.995806,1.002900,1.002900,55956606
2019-11-23,1.002709,1.022315,0.997739,1.011584,1.011584,35607633
2019-11-24,1.011749,1.025733,1.001952,1.015015,1.015015,46267964
2019-11-25,1.013644,1.022108,0.995219,1.002148,1.002148,49691379
2019-11-26,1.002141,1.019210,0.996854,1.008033,1.008033,42865970
2019-11-27,1.007648,1.028295,0.981878,1.005309,1.005309,49806198
2019-11-28,1.004463,1.033306,1.001029,1.004181,1.004181,44127073
2019-11-29,1.004337,1.010998,0.991643,1.002556,1.002556,54027584
2019-11-30,1.002556,1.012993,0.998696,1.001753,1.001753,69793244
2019-12-01,1.001790,1.021807,0.995790,1.002030,1.002030,45484984
2019-12-02,1.002205,1.017813,0.992140,1.000707,1.000707,67483717
2019-12-03,1.001191,1.010692,0.990281,1.002300,1.002300,68293413
2019-12-04,1.002045,1.017381,0.974090,1.007049,1.007049,61131225
2019-12-05,1.007049,1.028977,0.998064,1.008520,1.008520,68881933
2019-12-06,1.008578,1.012089,0.997005,1.001092,1.001092,66700924
2019-12-07,1.001843,1.009120,1.001036,1.006796,1.006796,62765508
2019-12-08,1.006796,1.013378,1.002052,1.005562,1.005562,56175865
2019-12-09,1.005562,1.012991,0.997764,1.005870,1.005870,56580806
2019-12-10,1.005954,1.010724,1.000892,1.006473,1.006473,62301572
2019-12-11,1.006800,1.014625,1.002048,1.002153,1.002153,73262088
2019-12-12,1.002088,1.012679,0.997262,1.007134,1.007134,74846740
2019-12-13,1.007238,1.021046,0.999780,1.002060,1.002060,84998534
2019-12-14,1.002081,1.012023,1.000736,1.008096,1.008096,71217239
2019-12-15,1.008096,1.009776,0.987476,1.005088,1.005088,81008370
2019-12-16,1.005088,1.021235,1.000827,1.006515,1.006515,48088487
2019-12-17,1.006515,1.021560,0.995932,1.000704,1.000704,18408292
2019-12-18,1.000704,1.027363,0.989288,1.003360,1.003360,54616477
2019-12-19,1.003360,1.018139,0.991616,1.009061,1.009061,48134640
2019-12-20,1.009061,1.013815,0.999583,1.004993,1.004993,32661530
2019-12-21,1.004730,1.010968,1.003313,1.006940,1.006940,34986000
2019-12-22,1.007113,1.008832,0.997951,1.003010,1.003010,91429506
2019-12-23,1.002766,1.012719,0.999333,1.003404,1.003404,97514236
2019-12-24,1.003739,1.026566,1.000314,1.009721,1.009721,37424548
2019-12-25,1.009721,1.019167,1.004589,1.012336,1.012336,35370118
2019-12-26,1.012502,1.015609,0.995176,1.006060,1.006060,35214304
2019-12-27,1.006141,1.023836,0.997272,1.007332,1.007332,56519716
2019-12-28,1.007332,1.010252,1.001580,1.001580,1.001580,53423894
2019-12-29,1.002147,1.026305,1.001444,1.005027,1.005027,63759886
2019-12-30,1.005169,1.016921,1.004190,1.010083,1.010083,54636973
2019-12-31,1.009612,1.014492,1.001155,1.003655,1.003655,45750090
2020-01-01,1.003414,1.006376,1.000088,1.003447,1.003447,47811657
2020-01-02,1.003447,1.013574,1.000981,1.004152,1.004152,39704671
2020-01-03,1.005089,1.011539,0.983658,1.005568,1.005568,75079453
2020-01-04,1.005215,1.015873,1.001294,1.009313,1.009313,86700510
2020-01-05,1.008539,1.016698,1.003626,1.007929,1.007929,58606276
2020-01-06,1.007402,1.013012,0.998798,1.002154,1.002154,56004266
2020-01-07,1.002154,1.010706,0.997115,1.000493,1.000493,47529947
2020-01-08,1.000493,1.014347,0.990724,1.005593,1.005593,38887112
2020-01-09,1.004910,1.009903,0.996486,1.007438,1.007438,21691012
2020-01-10,1.006637,1.014024,0.993904,0.999568,0.999568,30234301
2020-01-11,1.000104,1.008238,0.994334,1.001366,1.001366,19898269
2020-01-12,1.001317,1.009889,0.995650,1.003170,1.003170,10598675
2020-01-13,1.002109,1.011751,1.000439,1.004351,1.004351,17868001
2020-01-14,1.004314,1.016630,0.993800,1.001744,1.001744,49574154
2020-01-15,1.000825,1.024211,0.993810,1.000797,1.000797,32428619
2020-01-16,1.001231,1.011277,0.997143,1.001232,1.001232,21505710
2020-01-17,1.000989,1.012000,0.995272,1.003563,1.003563,66297416
2020-01-18,1.003826,1.006606,0.996646,1.002821,1.002821,21032527
2020-01-19,1.001933,1.028553,0.993352,1.000111,1.000111,19873096
2020-01-20,1.000111,1.007009,0.998193,1.002549,1.002549,13851484
2020-01-21,1.002403,1.008130,0.998072,1.003306,1.003306,15869698
2020-01-22,1.003360,1.005549,1.000052,1.003172,1.003172,14579401
2020-01-23,1.003032,1.008102,0.999893,1.000953,1.000953,16213266
2020-01-24,1.000953,1.006954,0.996620,1.004253,1.004253,14495518
2020-01-25,1.004912,1.006847,0.999311,1.004414,1.004414,7538926
2020-01-26,1.004374,1.009894,0.999722,1.003360,1.003360,9621484
2020-01-27,1.003176,1.009455,0.996878,1.004645,1.004645,18102891
2020-01-28,1.004745,1.011683,0.995393,1.001762,1.001762,43136817
2020-01-29,1.002011,1.008696,0.997107,1.006466,1.006466,21729415
2020-01-30,1.006105,1.012075,1.000446,1.003617,1.003617,16487070
2020-01-31,1.004087,1.008004,1.000088,1.003383,1.003383,20680816
2020-02-01,1.002431,1.005098,0.998944,1.002916,1.002916,11105746
2020-02-02,1.002818,1.008680,0.997903,1.003095,1.003095,16090155
2020-02-03,1.003095,1.009711,0.995549,1.002175,1.002175,23454334
2020-02-04,1.002080,1.007536,0.998828,1.004856,1.004856,17720142
2020-02-05,1.004800,1.008564,0.996926,1.004725,1.004725,35453650
2020-02-06,1.004725,1.015432,0.997627,0.999385,0.999385,32114223
2020-02-07,0.999357,1.004842,0.995682,0.998341,0.998341,36783892
2020-02-08,0.999060,1.007158,0.996199,0.998843,0.998843,28404953
2020-02-09,0.998612,1.007302,0.993990,1.000726,1.000726,17593234
2020-02-10,1.000563,1.016008,0.996633,1.001043,1.001043,27453805
2020-02-11,1.001733,1.006552,0.990242,0.995198,0.995198,30611523
2020-02-12,0.995319,1.004453,0.992120,1.000520,1.000520,89873385
2020-02-13,1.000520,1.012251,0.990766,0.999428,0.999428,31296750
2020-02-14,0.999160,1.005470,0.995278,0.997751,0.997751,36242548
2020-02-15,0.997751,1.017855,0.995484,1.000924,1.000924,35997040
2020-02-16,0.999668,1.015848,0.995891,0.998395,0.998395,26842519
2020-02-17,1.000377,1.006417,0.993015,0.998615,0.998615,30657815
2020-02-18,0.998424,1.006438,0.987606,0.999052,0.999052,28135973
2020-02-19,0.998547,1.030611,0.995740,1.001421,1.001421,34113478
2020-02-20,1.001829,1.011339,0.994165,1.000331,1.000331,26089179
2020-02-21,1.001484,1.005623,0.993380,1.001417,1.001417,16233799
2020-02-22,1.000938,1.006632,0.995571,1.000396,1.000396,10601169
2020-02-23,1.000396,1.001454,0.990915,0.995045,0.995045,13082810
2020-02-24,0.994521,1.012659,0.994521,0.998953,0.998953,23099672
2020-02-25,0.999025,1.011518,0.994073,1.002097,1.002097,19610475
2020-02-26,1.002711,1.016044,0.996952,1.003233,1.003233,27237015
2020-02-27,1.003949,1.008150,0.992933,0.999224,0.999224,22649768
2020-02-28,1.000113,1.012025,0.991428,0.996674,0.996674,22712037
2020-02-29,0.995789,1.008296,0.992254,1.005967,1.005967,14808845
2020-03-01,1.006651,1.007978,0.995315,1.001684,1.001684,14502752
2020-03-02,1.002199,1.004484,0.993715,0.995175,0.995175,25821172
2020-03-03,0.994705,1.007980,0.993059,1.002511,1.002511,17288973
2020-03-04,1.002286,1.006278,0.996330,1.000176,1.000176,17571286
2020-03-05,1.000215,1.005056,0.995539,1.001797,1.001797,18257633
2020-03-06,1.001797,1.004217,0.996065,0.997025,0.997025,18829300
2020-03-07,0.995804,1.006476,0.995680,1.000174,1.000174,13037672
2020-03-08,1.000174,1.022072,0.997555,1.011067,1.011067,37910186
2020-03-09,1.009912,1.010618,0.995365,1.000187,1.000187,36535644
2020-03-10,0.999545,1.013647,0.994153,1.001932,1.001932,27075382
2020-03-11,1.001777,1.008391,0.993700,0.997444,0.997444,33993124
2020-03-12,0.997595,1.083814,0.964868,1.051849,1.051849,127820257
2020-03-13,1.048950,1.075521,0.895969,0.996388,0.996388,85816268
2020-03-14,0.996295,1.011971,0.991362,1.002410,1.002410,58381361
2020-03-15,1.002410,1.015765,0.990552,1.004892,1.004892,21977247
2020-03-16,1.003680,1.039513,0.978424,0.995335,0.995335,55927418
2020-03-17,0.993688,1.009864,0.951678,0.973121,0.973121,32413731
2020-03-18,0.971168,1.009494,0.966818,0.970729,0.970729,27946615
2020-03-19,0.970729,1.007446,0.946656,1.000534,1.000534,39837068
2020-03-20,1.000218,1.025937,0.961894,0.997287,0.997287,38006407
2020-03-21,0.997287,1.016000,0.986679,1.001160,1.001160,26751798
2020-03-22,0.999549,1.014382,0.982992,0.999574,0.999574,22586347
2020-03-23,0.999574,1.011415,0.961023,0.991263,0.991263,49058435
2020-03-24,0.992897,1.011350,0.984316,0.996480,0.996480,41726946
2020-03-25,0.996669,1.010347,0.987824,0.996718,0.996718,24668070
2020-03-26,0.996718,1.009537,0.991878,0.994697,0.994697,25703882
2020-03-27,0.995135,1.027512,0.988128,1.014533,1.014533,26187903
2020-03-28,1.013191,1.020931,0.992605,0.997309,0.997309,20658582
2020-03-29,0.997597,1.013392,0.995048,1.002311,1.002311,12801508
2020-03-30,1.002604,1.004767,0.988065,1.004172,1.004172,24572605
2020-03-31,1.004163,1.006850,0.990832,1.001243,1.001243,25174944
2020-04-01,1.001243,1.010786,0.971163,0.999191,0.999191,27732633
2020-04-02,1.002192,1.007737,0.978401,0.999031,0.999031,27926985
2020-04-03,1.000310,1.009190,0.996716,1.000959,1.000959,24515859
2020-04-04,1.000892,1.013665,0.992341,1.001846,1.001846,14373383
2020-04-05,1.001757,1.005734,0.996600,1.001387,1.001387,9317372
2020-04-06,1.001940,1.010188,0.990071,0.991586,0.991586,27876183
2020-04-07,0.991117,1.010539,0.989497,0.998221,0.998221,207993730
2020-04-08,0.998448,1.005194,0.985711,0.997008,0.997008,557372244
2020-04-09,0.996974,1.008001,0.993441,1.001742,1.001742,21876984
2020-04-10,1.002025,1.017624,0.994169,0.999691,0.999691,32492788
2020-04-11,0.999691,1.003558,0.983521,0.996891,0.996891,18474381
2020-04-12,0.996054,1.008008,0.988665,1.008008,1.008008,19624877
2020-04-13,1.006846,1.021051,0.990373,0.997770,0.997770,24734108
2020-04-14,0.997770,1.003704,0.991794,0.995086,0.995086,43844147
2020-04-15,0.995342,1.005726,0.991548,0.999175,0.999175,32449691
2020-04-16,0.999051,1.007526,0.979829,1.001447,1.001447,29844782
2020-04-17,1.001271,1.008201,0.993755,1.005585,1.005585,21649820
2020-04-18,1.005585,1.008702,0.994582,0.998984,0.998984,18133604
2020-04-19,0.999212,1.014243,0.997732,1.006493,1.006493,17170488
2020-04-20,1.006216,1.013601,0.998862,1.002494,1.002494,28400562
2020-04-21,1.002905,1.010303,0.996801,1.004630,1.004630,22709910
2020-04-22,1.004917,1.006847,0.994096,0.999504,0.999504,25069126
2020-04-23,0.999569,1.006285,0.977013,0.997181,0.997181,31371244
2020-04-24,0.996830,1.009985,0.991426,1.007117,1.007117,20059601
2020-04-25,1.006887,1.011882,0.996539,1.003935,1.003935,21579019
2020-04-26,1.003997,1.012795,0.994389,0.998766,0.998766,16774383
2020-04-27,0.998843,1.008098,0.996261,1.001415,1.001415,25902205
2020-04-28,1.001579,1.010034,0.999651,1.005829,1.005829,23207612
2020-04-29,1.006279,1.011011,0.988572,1.006209,1.006209,50893483
2020-04-30,1.006316,1.013071,0.991174,1.005073,1.005073,57754730
2020-05-01,1.005073,1.010549,0.998084,1.006374,1.006374,26790504
2020-05-02,1.006582,1.011374,0.996746,1.001674,1.001674,19816596
2020-05-03,1.002176,1.010453,0.996939,1.001420,1.001420,29820926
2020-05-04,1.001306,1.013645,0.997971,1.003476,1.003476,29983704
2020-05-05,1.004270,1.014007,0.996456,1.001289,1.001289,29076598
2020-05-06,0.999848,1.015340,0.996405,1.014796,1.014796,34216718
2020-05-07,1.014796,1.017904,0.989523,1.000084,1.000084,38444344
2020-05-08,1.000084,1.006461,0.993253,1.001390,1.001390,50519715
2020-05-09,1.001913,1.004376,0.995597,1.004376,1.004376,37478789
2020-05-10,1.004087,1.047903,0.986424,0.999430,0.999430,45876891
2020-05-11,0.999843,1.017160,0.971481,0.999108,0.999108,32469670
2020-05-12,0.998066,1.004008,0.995701,1.000211,1.000211,25737145
2020-05-13,0.999826,1.009096,0.989974,0.997743,0.997743,34117945
2020-05-14,0.997743,1.004020,0.989861,0.996916,0.996916,38508252
2020-05-15,0.997338,1.018575,0.993589,1.004855,1.004855,18512999
2020-05-16,1.003211,1.005261,0.997260,0.999734,0.999734,12327954
2020-05-17,0.999759,1.004181,0.992321,1.001296,1.001296,18613898
2020-05-18,1.001223,1.011650,0.993841,1.000779,1.000779,26683090
2020-05-19,1.001003,1.007006,0.992097,0.995840,0.995840,22692189
2020-05-20,0.995170,1.013555,0.995004,0.999848,0.999848,20766463
2020-05-21,0.999888,1.013636,0.995874,1.002435,1.002435,18069426
2020-05-22,1.003152,1.006397,0.997611,1.002327,1.002327,16904979
2020-05-23,1.002605,1.005887,0.995500,1.005360,1.005360,15535698
2020-05-24,1.005213,1.015584,0.995951,1.001129,1.001129,16621939
2020-05-25,1.001116,1.006096,0.994477,1.002952,1.002952,21493998
2020-05-26,1.003142,1.006878,0.994236,0.998829,0.998829,13512893
2020-05-27,0.998829,1.006917,0.994359,1.003709,1.003709,21962629
2020-05-28,1.003309,1.007568,0.994804,1.000145,1.000145,24989025
2020-05-29,1.000064,1.007015,0.998296,1.003064,1.003064,17125165
2020-05-30,1.002958,1.004113,0.993307,1.000175,1.000175,17344698
2020-05-31,1.000093,1.006486,0.995219,0.998067,0.998067,14794388
2020-06-01,0.999015,1.003786,0.986170,1.000124,1.000124,27872391
2020-06-02,0.999225,1.028366,0.997420,0.998310,0.998310,40200881
2020-06-03,0.998310,1.005855,0.996538,1.000111,1.000111,19051060
2020-06-04,1.000159,1.010154,0.993897,1.002529,1.002529,27043734
2020-06-05,1.002529,1.013041,0.997919,1.003294,1.003294,19147014
2020-06-06,1.003623,1.008502,0.996069,0.998752,0.998752,13679138
2020-06-07,0.998752,1.005905,0.995923,1.001984,1.001984,17551029
2020-06-08,1.001860,1.006374,0.995061,0.999496,0.999496,19638750
2020-06-09,1.000736,1.014025,0.996744,1.003253,1.003253,18981849
2020-06-10,1.003208,1.009524,0.988509,1.000607,1.000607,24397228
2020-06-11,1.000750,1.010369,0.998829,1.002149,1.002149,33368769
2020-06-12,1.002672,1.006111,0.999535,1.003006,1.003006,28309483
2020-06-13,1.003218,1.004440,1.000011,1.001828,1.001828,13623960
2020-06-14,1.001691,1.009619,0.998347,1.005975,1.005975,12237714
2020-06-15,1.005993,1.014280,1.000565,1.001490,1.001490,26464385
2020-06-16,1.001659,1.004556,0.998907,1.000583,1.000583,23455752
2020-06-17,1.000434,1.004774,0.998322,1.001497,1.001497,18546635
2020-06-18,1.001361,1.005373,0.999098,1.003467,1.003467,18328556
2020-06-19,1.003363,1.007109,0.995672,0.995672,0.995672,16829901
2020-06-20,0.996076,1.006771,0.992529,0.999613,0.999613,14451847
2020-06-21,0.999237,1.005215,0.996711,1.003439,1.003439,13462335
2020-06-22,1.002937,1.003669,0.990927,0.997654,0.997654,31275689
2020-06-23,0.997418,1.006791,0.991777,1.003662,1.003662,32284991
2020-06-24,1.003534,1.010955,1.000243,1.002080,1.002080,20519839
2020-06-25,1.001683,1.006931,0.992819,1.001341,1.001341,23397418
2020-06-26,1.001114,1.008259,0.998417,0.999874,0.999874,23750425
2020-06-27,0.999859,1.013755,0.999161,1.005230,1.005230,20270621
2020-06-28,1.005230,1.012824,0.995580,1.003029,1.003029,17589155
2020-06-29,1.002537,1.007910,0.998975,1.002008,1.002008,21935518
2020-06-30,1.001656,1.007485,0.998137,1.000062,1.000062,28004135
2020-07-01,1.001369,1.006876,0.998314,1.001204,1.001204,34031597
2020-07-02,1.001118,1.018371,0.998701,1.013672,1.013672,30616930
2020-07-03,1.013808,1.017366,0.997875,1.000019,1.000019,24735850
2020-07-04,0.999674,1.009858,0.995135,1.000224,1.000224,15573170
2020-07-05,0.999477,1.004329,0.996012,0.998482,0.998482,14595506
2020-07-06,0.998482,1.003725,0.993540,0.999272,0.999272,29403376
2020-07-07,0.999184,1.003846,0.992134,0.999323,0.999323,29691689
2020-07-08,0.999323,1.002898,0.996283,0.999207,0.999207,26933237
2020-07-09,0.999207,1.007099,0.998017,1.003873,1.003873,20066595
2020-07-10,1.003606,1.005391,0.995477,1.000093,1.000093,15225665
2020-07-11,1.000071,1.003368,0.997412,1.001052,1.001052,14052341
2020-07-12,1.001180,1.004548,0.997390,0.998358,0.998358,17830807
2020-07-13,0.998358,1.005980,0.995319,1.000123,1.000123,22915740
2020-07-14,1.000123,1.004527,0.997652,0.999249,0.999249,22106908
2020-07-15,0.999064,1.004099,0.997605,1.000164,1.000164,24954745
2020-07-16,1.000157,1.006746,0.998411,1.000259,1.000259,23807992
2020-07-17,1.000194,1.004454,0.997445,0.999835,0.999835,15443695
2020-07-18,1.000028,1.007228,0.996683,0.998406,0.998406,20260783
2020-07-19,0.998175,1.003587,0.994695,0.997961,0.997961,14054308
2020-07-20,0.997779,1.003391,0.997051,1.000071,1.000071,19425469
2020-07-21,1.000071,1.003036,0.994466,0.997959,0.997959,24757069
2020-07-22,0.997897,1.003349,0.989760,0.998693,0.998693,20281502
2020-07-23,0.998693,1.002297,0.994685,0.997350,0.997350,34092291
2020-07-24,0.997350,1.002299,0.995431,0.997639,0.997639,25345369
2020-07-25,0.998244,1.001465,0.994967,0.996976,0.996976,25745406
2020-07-26,0.996723,1.005443,0.990980,0.997698,0.997698,28637957
2020-07-27,0.997673,1.009874,0.991818,0.999828,0.999828,54544844
2020-07-28,0.998700,1.004144,0.994400,0.998646,0.998646,56010262
2020-07-29,0.998520,1.005446,0.994754,1.000828,1.000828,26778754
2020-07-30,1.000828,1.005849,0.996593,0.999981,0.999981,40859086
2020-07-31,0.999981,1.003122,0.996083,0.998332,0.998332,33780779
2020-08-01,0.998033,1.001888,0.989068,0.993896,0.993896,44715978
2020-08-02,0.994739,1.060027,0.990751,0.998038,0.998038,41437272
2020-08-03,0.997650,1.008161,0.993052,1.000031,1.000031,28224906
2020-08-04,1.000645,1.006812,0.997149,0.999766,0.999766,20183965
2020-08-05,0.999417,1.007022,0.998974,1.001180,1.001180,31093290
2020-08-06,1.001180,1.004493,0.998303,0.999551,0.999551,36150474
2020-08-07,0.999608,1.012093,0.997839,1.001192,1.001192,42472153
2020-08-08,1.001266,1.006084,0.991778,0.991778,0.991778,31493855
2020-08-09,0.997786,1.007308,0.989179,1.001137,1.001137,37366657
2020-08-10,1.001137,1.013729,0.998538,0.999726,0.999726,42161180
2020-08-11,0.999364,1.018930,0.996609,1.003420,1.003420,25645844
2020-08-12,1.003065,1.018203,0.996042,1.010083,1.010083,17400674
2020-08-13,1.010134,1.017169,0.998294,1.013347,1.013347,24562548
2020-08-14,1.014548,1.020253,0.994078,0.999265,0.999265,26972547
2020-08-15,0.999301,1.007858,0.996640,0.999923,0.999923,21609466
2020-08-16,1.000327,1.007176,0.998048,0.999973,0.999973,13937665
2020-08-17,0.999973,1.008194,0.995104,0.997779,0.997779,24121076
2020-08-18,0.998280,1.009941,0.995643,1.001886,1.001886,22656261
2020-08-19,1.001867,1.007592,0.998899,1.001235,1.001235,22119868
2020-08-20,1.001235,1.003219,0.997818,0.999663,0.999663,19074785
2020-08-21,1.000134,1.008981,0.997579,1.005491,1.005491,22468302
2020-08-22,1.004379,1.009022,0.998757,0.999329,0.999329,16580577
2020-08-23,1.000421,1.003839,0.990762,1.001877,1.001877,12656484
2020-08-24,1.002013,1.003489,0.970497,1.001045,1.001045,17635823
2020-08-25,1.001736,1.012331,0.994152,1.001329,1.001329,18805117
2020-08-26,1.002102,1.003109,0.997687,1.001682,1.001682,17326632
2020-08-27,1.001172,1.006959,0.996339,1.002448,1.002448,14824051
2020-08-28,1.002238,1.003530,0.999069,1.001716,1.001716,13586717
2020-08-29,1.001202,1.003900,0.999380,1.001929,1.001929,11378171
2020-08-30,1.002087,1.003769,0.998003,1.000697,1.000697,11083337
2020-08-31,1.000404,1.004018,0.999042,1.001996,1.001996,16586389
2020-09-01,1.001790,1.005028,0.997775,1.003568,1.003568,24473286
2020-09-02,1.003077,1.014122,0.998216,1.001010,1.001010,37118532
2020-09-03,1.000630,1.027574,0.993920,1.005023,1.005023,37502435
2020-09-04,1.005248,1.020257,0.992784,1.003452,1.003452,43215359
2020-09-05,1.004105,1.013370,0.991328,1.001240,1.001240,81019819
2020-09-06,1.001240,1.007698,0.995927,1.002543,1.002543,63820801
2020-09-07,1.002560,1.006565,0.994682,1.000645,1.000645,58051780
2020-09-08,1.000774,1.006553,0.991669,1.001404,1.001404,59277319
2020-09-09,1.001553,1.006146,0.998275,1.002367,1.002367,33094998
2020-09-10,1.002367,1.007728,0.996052,1.000409,1.000409,49525103
2020-09-11,1.000409,1.010149,0.994443,1.000908,1.000908,37583497
2020-09-12,1.001301,1.011293,0.998412,1.000506,1.000506,24597242
2020-09-13,1.000454,1.007576,0.995460,1.000045,1.000045,40921216
2020-09-14,0.998796,1.013471,0.994667,1.000587,1.000587,55862907
2020-09-15,1.000587,1.006213,0.998920,1.002363,1.002363,43011713
2020-09-16,1.002408,1.005708,0.999365,1.002565,1.002565,57113876
2020-09-17,1.002565,1.005128,0.998104,1.000950,1.000950,58626484
2020-09-18,1.000950,1.005205,0.997666,1.000183,1.000183,51733850
2020-09-19,0.999041,1.004664,0.998405,1.000762,1.000762,35729122
2020-09-20,1.000956,1.006158,0.997748,1.001449,1.001449,34709687
2020-09-21,1.001172,1.008715,0.997410,1.001014,1.001014,72741414
2020-09-22,1.001980,1.005383,0.998854,1.000538,1.000538,44467005
2020-09-23,1.000571,1.002694,1.000014,1.001460,1.001460,48102059
2020-09-24,1.001734,1.002164,0.999486,1.000806,1.000806,57885610
2020-09-25,1.000863,1.001948,0.999827,1.000888,1.000888,40704561
2020-09-26,1.000888,1.002488,1.000178,1.001297,1.001297,30617095
2020-09-27,1.001304,1.004636,0.999063,1.001207,1.001207,29478704
2020-09-28,1.001462,1.002514,0.999562,1.001316,1.001316,41379925
2020-09-29,1.001316,1.001893,1.000228,1.000618,1.000618,36475849
2020-09-30,1.000699,1.001597,0.999911,1.001031,1.001031,33491497
2020-10-01,1.001121,1.002760,0.999649,1.000616,1.000616,36892695
2020-10-02,1.000440,1.002557,0.999946,1.000905,1.000905,41494485
2020-10-03,1.000909,1.001527,1.000388,1.000484,1.000484,18991266
2020-10-04,1.000471,1.002904,1.000011,1.000250,1.000250,22365626
2020-10-05,1.000250,1.002300,0.999563,1.000809,1.000809,23597091
2020-10-06,1.000808,1.001544,1.000079,1.000360,1.000360,35627380
2020-10-07,1.000360,1.001024,0.999866,1.000520,1.000520,24193177
2020-10-08,1.000520,1.001859,1.000213,1.001175,1.001175,30601328
2020-10-09,1.001175,1.001461,1.000342,1.000483,1.000483,48172877
2020-10-10,1.000533,1.001126,1.000069,1.000538,1.000538,30307502
2020-10-11,1.000073,1.001202,0.999894,1.000204,1.000204,22838013
2020-10-12,1.000204,1.000912,0.999930,1.000721,1.000721,39316787
2020-10-13,1.000727,1.001360,1.000490,1.000520,1.000520,32202645
2020-10-14,1.000618,1.000934,1.000183,1.000460,1.000460,27556241
2020-10-15,1.000460,1.000701,0.999953,1.000150,1.000150,37015284
2020-10-16,1.000152,1.000907,1.000032,1.000466,1.000466,52866273
2020-10-17,1.000466,1.001118,1.000069,1.000255,1.000255,27398509
2020-10-18,1.000315,1.000811,0.999870,1.000709,1.000709,28838461
2020-10-19,1.000634,1.001048,1.000026,1.000354,1.000354,40295803
2020-10-20,1.000273,1.000742,0.999976,1.000000,1.000000,54901026
2020-10-21,1.000000,1.001121,0.999253,1.000026,1.000026,110899891
2020-10-22,1.000024,1.001180,0.999533,0.999790,0.999790,112525488
2020-10-23,0.999790,1.003666,0.999673,0.999954,0.999954,35478078
2020-10-24,0.999954,1.000403,0.999699,0.999898,0.999898,19554562
2020-10-25,0.999898,1.000521,0.999704,0.999902,0.999902,26063677
2020-10-26,0.999902,1.001042,0.999680,1.000053,1.000053,75992521
2020-10-27,1.000053,1.000370,0.999301,0.999692,0.999692,45812340
2020-10-28,0.999692,1.000539,0.999516,1.000136,1.000136,72474024
2020-10-29,1.000136,1.000394,0.999523,0.999543,0.999543,65644172
2020-10-30,0.999543,1.000252,0.999490,1.000096,1.000096,57534684
2020-10-31,1.000096,1.000124,0.999238,0.999323,0.999323,45200434
2020-11-01,0.999323,0.999918,0.999256,0.999675,0.999675,24798914
2020-11-02,0.999675,1.000006,0.999307,0.999857,0.999857,77080925
2020-11-03,0.999857,1.000172,0.999555,0.999837,0.999837,66830640
2020-11-04,0.999837,1.000362,0.999452,1.000169,1.000169,81796515
2020-11-05,1.000169,1.005020,0.995306,0.997714,0.997714,60522670
2020-11-06,0.998332,1.002940,0.994504,0.998502,0.998502,51390611
2020-11-07,0.998503,1.005449,0.994339,1.000491,1.000491,41860277
2020-11-08,1.000499,1.004519,0.996457,0.998558,0.998558,24876196
2020-11-09,0.998587,1.007547,0.993727,0.999885,0.999885,42341810
2020-11-10,0.999769,1.002168,0.995570,0.999554,0.999554,28532577
2020-11-11,0.999520,1.001909,0.996201,0.999757,0.999757,24422884
2020-11-12,0.999954,1.005925,0.995519,0.998691,0.998691,41326198
2020-11-13,0.998532,1.002912,0.996078,0.998394,0.998394,33701031
2020-11-14,0.998537,1.002053,0.996117,0.998363,0.998363,29704777
2020-11-15,0.998113,1.002192,0.995669,0.999774,0.999774,25210992
2020-11-16,0.999572,1.001270,0.996700,0.999710,0.999710,40074962
2020-11-17,0.999615,1.001294,0.995168,0.998766,0.998766,49973832
2020-11-18,0.998274,1.004222,0.994909,0.999340,0.999340,70965521
2020-11-19,0.999119,1.002303,0.994639,0.999111,0.999111,58249640
2020-11-20,0.999101,1.002477,0.995924,0.999312,0.999312,54608010
2020-11-21,0.999288,1.003992,0.994402,0.997563,0.997563,72313163
2020-11-22,0.997575,1.005386,0.992271,0.997459,0.997459,60129503
2020-11-23,0.997413,1.005252,0.994883,0.998645,0.998645,62683553
2020-11-24,0.998716,1.006244,0.994327,0.997723,0.997723,84474492
2020-11-25,0.998129,1.004311,0.995192,1.000136,1.000136,77856944
2020-11-26,1.000185,1.015277,0.993104,0.999837,0.999837,101668361
2020-11-27,0.999671,1.007603,0.996446,1.000741,1.000741,69023715
2020-11-28,1.000274,1.002396,0.997296,0.999819,0.999819,51840075
2020-11-29,0.999594,1.004945,0.995549,0.999062,0.999062,43021929
2020-11-30,0.999073,1.009726,0.992793,0.998479,0.998479,74058876
2020-12-01,0.998086,1.018324,0.995403,1.001327,1.001327,86165288
2020-12-02,1.001359,1.004831,0.996193,0.999365,0.999365,60754747
2020-12-03,0.999077,1.004959,0.995197,0.999359,0.999359,47134183
2020-12-04,0.999483,1.005197,0.995577,1.001545,1.001545,38644244
2020-12-05,1.000522,1.005197,0.995594,0.998617,0.998617,24917499
2020-12-06,0.998890,1.005834,0.995700,0.998966,0.998966,21554969
2020-12-07,0.999043,1.002861,0.997492,0.999325,0.999325,25314875
2020-12-08,0.999245,1.009464,0.997581,1.000144,1.000144,40911301
2020-12-09,1.000021,1.009711,0.996611,1.000092,1.000092,53886635
2020-12-10,0.999812,1.003512,0.997539,0.999865,0.999865,41815404
2020-12-11,0.999650,1.004246,0.997276,1.000176,1.000176,52040345
2020-12-12,1.000473,1.002448,0.996886,0.999822,0.999822,25730808
2020-12-13,0.999647,1.003490,0.995837,0.999901,0.999901,27808742
2020-12-14,0.999337,1.003358,0.997417,0.999841,0.999841,26266759
2020-12-15,0.999727,1.003071,0.997598,0.999771,0.999771,35646727
2020-12-16,0.999762,1.003033,0.993848,0.998452,0.998452,65492591
2020-12-17,0.998680,1.005857,0.993797,1.000012,1.000012,119213619
2020-12-18,0.999306,1.005550,0.994019,0.998641,0.998641,55067809
2020-12-19,0.999019,1.005821,0.992121,0.999329,0.999329,71129204
2020-12-20,0.999817,1.006373,0.994023,1.000496,1.000496,58826250
2020-12-21,0.999377,1.013601,0.994086,1.001680,1.001680,81518972
2020-12-22,1.000870,1.003378,0.995679,0.999924,0.999924,64012132
2020-12-23,1.000034,1.010863,0.994504,1.000083,1.000083,67892283
2020-12-24,0.998471,1.005110,0.995167,0.999692,0.999692,38035170
2020-12-25,1.000621,1.004338,0.995878,1.000302,1.000302,65050418
2020-12-26,0.999979,1.003011,0.993560,0.998408,0.998408,52283432
2020-12-27,0.998484,1.010999,0.994871,1.001758,1.001758,66082459
2020-12-28,1.000849,1.005436,0.995914,0.998925,0.998925,45360015
2020-12-29,0.999010,1.004099,0.996600,0.999029,0.999029,51980548
2020-12-30,0.999313,1.008485,0.996904,0.999026,0.999026,62917060
2020-12-31,0.999227,1.005577,0.996460,0.999433,0.999433,67956597
2021-01-01,0.999451,1.003459,0.996558,0.999726,0.999726,56075228
2021-01-02,0.999640,1.009300,0.992899,0.998644,0.998644,104533706
2021-01-03,0.999597,1.003038,0.995232,0.998912,0.998912,109040199
2021-01-04,0.997713,1.026514,0.992830,0.999507,0.999507,116435905
2021-01-05,0.998983,1.006499,0.995729,0.999071,0.999071,125449020
2021-01-06,0.998869,1.019962,0.993341,0.999059,0.999059,140845553
2021-01-07,0.998508,1.003145,0.995929,0.998704,0.998704,206009414
2021-01-08,0.998895,1.007270,0.996275,1.001460,1.001460,173020363
2021-01-09,1.001421,1.006071,0.996802,1.001194,1.001194,119729587
2021-01-10,1.000966,1.011096,0.989120,1.000507,1.000507,154600070
2021-01-11,1.000321,1.010535,0.986274,1.000922,1.000922,237883785
2021-01-12,1.001266,1.006250,0.994846,1.002120,1.002120,109989172
2021-01-13,1.003045,1.008262,0.992230,0.999631,0.999631,122316702
2021-01-14,0.999722,1.003245,0.996931,0.998980,0.998980,78298268
2021-01-15,0.998358,1.010283,0.992468,0.998986,0.998986,68439032
2021-01-16,0.999983,1.005452,0.994843,1.001224,1.001224,79921653
2021-01-17,1.001172,1.005378,0.997994,1.001068,1.001068,57617014
2021-01-18,1.000797,1.006505,0.995968,1.000828,1.000828,51582891
2021-01-19,1.000594,1.003155,0.997201,1.000317,1.000317,112668670
2021-01-20,1.000544,1.004547,0.992977,1.000249,1.000249,90776893
2021-01-21,0.999315,1.007975,0.993111,1.001838,1.001838,157872823
2021-01-22,1.002475,1.011724,0.994902,1.000031,1.000031,178471936
2021-01-23,1.000888,1.004064,0.997226,1.000202,1.000202,133056166
2021-01-24,1.000144,1.002632,0.998037,1.000274,1.000274,410561546
2021-01-25,1.000367,1.003102,0.997630,1.000290,1.000290,202336871
2021-01-26,1.000695,1.004879,0.995689,1.000048,1.000048,172024592
2021-01-27,1.000101,1.004804,0.994470,0.999472,0.999472,189738825
2021-01-28,1.000136,1.003860,0.997210,0.999534,0.999534,175827954
2021-01-29,0.999678,1.002820,0.993744,0.999998,0.999998,286353465
2021-01-30,1.000065,1.002687,0.996422,0.996779,0.996779,178767584
2021-01-31,0.998533,1.003015,0.996692,0.999084,0.999084,126906017
2021-02-01,0.998929,1.002758,0.994365,0.999607,0.999607,178205511
2021-02-02,0.999897,1.001929,0.995779,0.999642,0.999642,138896884
2021-02-03,0.999718,1.002081,0.996671,0.998513,0.998513,125256475
2021-02-04,0.998578,1.002795,0.996365,0.999346,0.999346,180253031
2021-02-05,0.999546,1.001281,0.996494,0.998100,0.998100,142336472
2021-02-06,0.998516,1.001795,0.996950,0.998385,0.998385,155093013
2021-02-07,0.998884,1.003259,0.997221,0.999619,0.999619,173058070
2021-02-08,0.999653,1.001881,0.994759,0.998169,0.998169,283668175
2021-02-09,0.998470,1.002208,0.995564,0.997979,0.997979,169503341
2021-02-10,0.998175,1.007039,0.996086,1.000154,1.000154,173608655
2021-02-11,1.000512,1.002535,0.995694,0.998488,0.998488,147104725
2021-02-12,0.998856,1.003826,0.997351,0.999548,0.999548,144767273
2021-02-13,0.999614,1.002361,0.997173,0.998800,0.998800,156218026
2021-02-14,0.998799,1.001891,0.997682,0.999768,0.999768,159712795
2021-02-15,1.000016,1.007212,0.996569,0.999769,0.999769,186954173
2021-02-16,1.000090,1.003807,0.997924,1.000220,1.000220,119183113
2021-02-17,1.000230,1.003148,0.998048,0.999979,0.999979,116219744
2021-02-18,1.000169,1.001429,0.998119,0.999906,0.999906,91029928
2021-02-19,0.999728,1.004456,0.999096,1.000640,1.000640,122824919
2021-02-20,1.000494,1.004481,0.996329,0.999932,0.999932,163148631
2021-02-21,1.000346,1.001670,0.998612,0.999758,0.999758,137812418
2021-02-22,0.999674,1.007950,0.986994,1.000241,1.000241,237188853
2021-02-23,1.000202,1.008275,0.971019,0.999814,0.999814,317111734
2021-02-24,0.999777,1.004380,0.978896,1.000671,1.000671,1420645544
2021-02-25,1.000811,1.004677,0.978061,0.998688,0.998688,1799425226
2021-02-26,0.998546,1.004479,0.986785,1.000279,1.000279,1700942939
2021-02-27,1.000350,1.004387,0.986254,1.000510,1.000510,1546979581
2021-02-28,1.000493,1.004262,0.996379,0.999055,0.999055,1415972574
2021-03-01,0.998969,1.003493,0.992498,0.999734,0.999734,1434069306
2021-03-02,0.999768,1.002734,0.992386,0.998355,0.998355,1210833441
2021-03-03,0.996955,1.002625,0.990292,1.000356,1.000356,1358609680
2021-03-04,1.000325,1.004606,0.972284,1.000238,1.000238,1399418421
2021-03-05,1.000265,1.003274,0.996737,0.999870,0.999870,1228153470
2021-03-06,0.999892,1.002489,0.998270,0.999742,0.999742,1156536754
2021-03-07,0.999740,1.001517,0.994519,0.999810,0.999810,1211483159
2021-03-08,1.000035,1.002165,0.995268,0.999900,0.999900,1097376873
2021-03-09,0.999942,1.003005,0.996201,1.000312,1.000312,1084117673
2021-03-10,1.000110,1.002472,0.996803,1.000170,1.000170,1079217842
2021-03-11,1.000160,1.002548,0.997254,1.000371,1.000371,1000731303
2021-03-12,1.000392,1.005842,0.996493,1.000609,1.000609,975542290
2021-03-13,1.000623,1.002514,0.995389,1.000255,1.000255,1000048304
2021-03-14,1.000248,1.002399,0.995006,1.000452,1.000452,928411019
2021-03-15,1.000474,1.002444,0.998000,1.000312,1.000312,1069464258
2021-03-16,1.000388,1.001683,0.996357,0.999510,0.999510,973768196
2021-03-17,0.999570,1.002911,0.998088,0.999400,0.999400,1036950774
2021-03-18,0.999494,1.002678,0.988846,1.001875,1.001875,1045604074
2021-03-19,1.001704,1.004374,0.999932,1.003191,1.003191,1022988904
2021-03-20,1.003057,1.004588,1.001715,1.002529,1.002529,1051410753
2021-03-21,1.002347,1.003306,0.999224,1.001117,1.001117,921558970
2021-03-22,1.001219,1.005967,0.999665,1.002670,1.002670,882782199
2021-03-23,1.002907,1.004002,1.000146,1.002120,1.002120,848447493
2021-03-24,1.002344,1.007048,1.000203,1.002832,1.002832,857390693
2021-03-25,1.003328,1.005774,0.999385,1.002900,1.002900,739819013
2021-03-26,1.002974,1.004057,0.998992,1.001476,1.001476,828695625
2021-03-27,1.001351,1.002677,0.999861,1.000744,1.000744,801925053
2021-03-28,1.001064,1.004106,1.000280,1.001734,1.001734,763007181
2021-03-29,1.001757,1.002474,0.998517,1.000558,1.000558,816876690
2021-03-30,1.000616,1.002005,0.999621,1.001368,1.001368,1005664569
2021-03-31,1.001282,1.006812,0.999077,1.000438,1.000438,943899129
2021-04-01,1.000537,1.006575,0.999366,1.001999,1.001999,1005859878
2021-04-02,1.002691,1.005068,0.999188,1.001330,1.001330,995613585
2021-04-03,1.001409,1.006293,0.999336,1.004895,1.004895,903175148
2021-04-04,1.004798,1.012579,1.002642,1.004896,1.004896,869527028
2021-04-05,1.005019,1.009630,0.997338,1.000355,1.000355,971874750
2021-04-06,1.001137,1.004239,0.999178,1.002283,1.002283,444909911
2021-04-07,1.001995,1.004334,0.999749,1.002703,1.002703,458867170
2021-04-08,1.002043,1.002918,0.998756,1.000870,1.000870,429242546
2021-04-09,1.000790,1.002187,1.000423,1.001598,1.001598,341844130
2021-04-10,1.001755,1.002906,0.997769,1.001034,1.001034,388620859
2021-04-11,1.000846,1.004416,0.998838,1.003089,1.003089,352979932
2021-04-12,1.003442,1.003493,0.999685,1.000518,1.000518,396664635
2021-04-13,1.000368,1.002403,0.999138,0.999741,0.999741,402349036
2021-04-14,0.999249,1.004392,0.997989,1.001605,1.001605,487853467
2021-04-15,1.001872,1.003373,0.999641,0.999922,0.999922,991740709
2021-04-16,1.000055,1.005235,0.997991,1.001591,1.001591,1341801629
2021-04-17,1.001402,1.011144,0.998460,1.010351,1.010351,1039926261
2021-04-18,1.010420,1.026707,0.997087,0.998146,0.998146,1076586929
2021-04-19,0.998247,1.000829,0.997332,0.999517,0.999517,1093617275
2021-04-20,0.999407,1.003012,0.998053,0.999035,0.999035,1117808378
2021-04-21,0.999182,1.000744,0.998654,0.999715,0.999715,945623862
2021-04-22,1.000118,1.002291,0.998177,0.999580,0.999580,944916863
2021-04-23,0.999511,1.002208,0.995928,0.999319,0.999319,1067442499
2021-04-24,0.999335,1.000635,0.997666,0.998919,0.998919,759420049
2021-04-25,0.998524,1.001283,0.997623,0.999012,0.999012,210846884
2021-04-26,0.998835,1.001438,0.997470,0.999514,0.999514,855816465
2021-04-27,0.999644,0.999967,0.997978,0.999280,0.999280,789504147
2021-04-28,0.999428,1.000888,0.997983,0.999353,0.999353,799649278
2021-04-29,0.999373,1.000446,0.998387,0.999779,0.999779,866586987
2021-04-30,0.999691,1.000434,0.998277,0.998812,0.998812,943077721
2021-05-01,0.998899,0.999903,0.998241,0.999319,0.999319,1001193422
2021-05-02,0.999278,1.000581,0.998572,0.999627,0.999627,930573025
2021-05-03,0.999880,1.000483,0.998451,0.999177,0.999177,945949031
2021-05-04,0.999610,1.002169,0.997225,0.999214,0.999214,1008636681
2021-05-05,1.000535,1.001156,0.997807,0.999115,0.999115,1072258297
2021-05-06,0.999051,1.000455,0.997890,0.998825,0.998825,718930242
2021-05-07,0.999161,1.006869,0.996729,0.998991,0.998991,551652898
2021-05-08,0.999278,0.999455,0.998124,0.998826,0.998826,436973125
2021-05-09,0.998676,1.000598,0.996872,0.998935,0.998935,573257106
2021-05-10,0.999124,1.003356,0.996789,0.999182,0.999182,342450426
2021-05-11,0.999393,1.000302,0.997923,0.998600,0.998600,227259538
2021-05-12,0.998459,1.002733,0.997501,1.002479,1.002479,333473922
2021-05-13,0.998491,1.005456,0.997242,1.000230,1.000230,450184169
2021-05-14,1.000115,1.000455,0.997977,0.998934,0.998934,286374782
2021-05-15,0.999016,1.000908,0.997850,0.999592,0.999592,207436600
2021-05-16,0.999519,1.001237,0.997571,0.999546,0.999546,315977566
2021-05-17,0.999606,1.001152,0.997439,0.998746,0.998746,302005072
2021-05-18,0.999297,1.001758,0.997626,1.000089,1.000089,206476137
2021-05-19,0.999960,1.012219,0.993527,1.000547,1.000547,875254892
2021-05-20,1.000460,1.003750,0.997319,0.999737,0.999737,487709043
2021-05-21,1.000817,1.003200,0.996878,1.000350,1.000350,413402846
2021-05-22,1.000157,1.003398,0.996944,1.000767,1.000767,250942154
2021-05-23,1.000551,1.002947,0.997892,1.000304,1.000304,372564465
2021-05-24,1.000539,1.002349,0.997619,0.999829,0.999829,246710740
2021-05-25,1.000010,1.001948,0.997587,0.999897,0.999897,219439058
2021-05-26,1.000109,1.002498,0.998968,1.000522,1.000522,153485531
2021-05-27,1.000463,1.002259,0.999102,1.000061,1.000061,147472986
2021-05-28,0.999739,1.001918,0.997933,1.000196,1.000196,190216625
2021-05-29,1.000292,1.001531,0.998394,0.999847,0.999847,224374209
2021-05-30,1.000028,1.000591,0.998347,0.999648,0.999648,116820866
2021-05-31,0.999645,1.001326,0.997986,0.999741,0.999741,107138689
2021-06-01,1.000182,1.002110,0.997942,1.000131,1.000131,1250402532
2021-06-02,1.000300,1.001945,0.999427,1.000483,1.000483,1304091564
2021-06-03,1.000306,1.001240,0.999638,1.000420,1.000420,1228530328
2021-06-04,1.000468,1.002905,0.998604,1.000812,1.000812,1208646281
2021-06-05,1.000383,1.002813,0.998923,1.000384,1.000384,883884590
2021-06-06,1.000300,1.001392,0.998854,1.000535,1.000535,514307337
2021-06-07,1.000765,1.002509,0.999020,1.000644,1.000644,577802216
2021-06-08,1.000156,1.002259,0.999176,1.000444,1.000444,658471821
2021-06-09,1.000622,1.001021,0.999198,0.999926,0.999926,831652765
2021-06-10,1.000009,1.002865,0.997957,1.000184,1.000184,544549263
2021-06-11,1.000440,1.002340,0.996821,0.999900,0.999900,533824605
2021-06-12,1.000418,1.003147,0.998667,1.000751,1.000751,499867163
2021-06-13,1.001180,1.002088,0.997741,0.999439,0.999439,486084616
2021-06-14,0.999525,1.001864,0.997367,0.999977,0.999977,491010833
2021-06-15,0.999867,1.010249,0.998204,1.000232,1.000232,525573414
2021-06-16,1.000421,1.003804,0.995823,1.000277,1.000277,507484189
2021-06-17,1.000129,1.001682,0.998681,1.000887,1.000887,526934135
2021-06-18,1.000514,1.001717,0.999655,1.001307,1.001307,524307896
2021-06-19,1.001127,1.001886,0.999484,1.001166,1.001166,522009976
2021-06-20,1.001324,1.002129,1.000225,1.001091,1.001091,531478918
2021-06-21,1.001382,1.004713,0.997880,1.000150,1.000150,501369085
2021-06-22,1.000251,1.003511,0.996654,1.000592,1.000592,504788561
2021-06-23,1.000778,1.003897,0.995958,1.000673,1.000673,535744166
2021-06-24,1.000525,1.002497,0.998074,1.000147,1.000147,65184544
2021-06-25,1.000097,1.002858,0.996588,1.000006,1.000006,66623095
2021-06-26,1.000608,1.002549,0.996978,1.000710,1.000710,58418864
2021-06-27,1.000433,1.002678,0.998842,1.000370,1.000370,94034764
2021-06-28,1.000393,1.001440,0.998356,0.999913,0.999913,59622609
2021-06-29,0.999398,1.001517,0.998408,1.000577,1.000577,438783518
2021-06-30,0.999589,1.004516,0.997323,0.999906,0.999906,424305173
2021-07-01,1.000148,1.005651,0.998255,0.999796,0.999796,443818408
2021-07-02,1.000591,1.001446,0.998700,1.000058,1.000058,460227960
2021-07-03,1.000103,1.000924,0.999651,0.999846,0.999846,456466774
2021-07-04,0.999818,1.001610,0.998040,0.999251,0.999251,447832799
2021-07-05,0.999454,1.002310,0.998506,1.001237,1.001237,452570683
2021-07-06,1.000337,1.003260,0.998448,0.999822,0.999822,465955560
2021-07-07,1.000080,1.001719,0.998913,1.000191,1.000191,460224839
2021-07-08,1.000313,1.002415,0.998602,0.999650,0.999650,458605809
2021-07-09,0.999925,1.001492,0.998685,0.999724,0.999724,470399098
2021-07-10,0.999870,1.001867,0.999202,1.000130,1.000130,437137782
2021-07-11,1.000138,1.001692,0.999548,1.000226,1.000226,429564353
2021-07-12,1.000479,1.002451,0.999206,1.000220,1.000220,430990972
2021-07-13,1.000430,1.001294,0.998896,1.000096,1.000096,445474366
2021-07-14,0.999873,1.002088,0.998348,1.000121,1.000121,413566628
2021-07-15,1.000256,1.001570,0.998676,1.000018,1.000018,410369446
2021-07-16,0.999704,1.001796,0.998737,1.000339,1.000339,417241013
2021-07-17,1.000417,1.001374,0.998675,1.000444,1.000444,398202387
2021-07-18,1.000453,1.005203,0.997601,1.000526,1.000526,392483332
2021-07-19,1.000681,1.003060,0.999249,1.000154,1.000154,373848238
2021-07-20,1.000091,1.003800,0.995834,1.000333,1.000333,321466521
2021-07-21,1.000389,1.002346,0.996702,1.000360,1.000360,345588430
2021-07-22,1.000134,1.002015,0.998327,1.000267,1.000267,310634936
2021-07-23,1.000234,1.002419,0.999072,1.000012,1.000012,327469485
2021-07-24,1.000092,1.001089,0.999289,1.000289,1.000289,345243550
2021-07-25,1.000574,1.001292,0.998565,0.999963,0.999963,318470111
2021-07-26,1.000074,1.003246,0.993570,1.000093,1.000093,507792024
2021-07-27,1.000211,1.001096,0.999344,0.999945,0.999945,407875528
2021-07-28,0.999644,1.001246,0.998703,1.000169,1.000169,409748106
2021-07-29,0.999575,1.000811,0.998865,0.999991,0.999991,339645523
2021-07-30,0.999945,1.002034,0.998253,0.999756,0.999756,369751486
2021-07-31,1.000051,1.001404,0.998944,1.000253,1.000253,324583618
2021-08-01,1.001381,1.002696,0.996754,1.000887,1.000887,330069566
2021-08-02,1.000246,1.001705,0.998724,1.000065,1.000065,333817012
2021-08-03,1.000523,1.003752,0.998232,1.000240,1.000240,325267761
2021-08-04,0.999708,1.000962,0.998807,1.000050,1.000050,356261149
2021-08-05,0.999973,1.001567,0.998764,0.999760,0.999760,363946893
2021-08-06,0.999706,1.001430,0.997821,1.000382,1.000382,379212854
2021-08-07,1.000067,1.003063,0.996426,1.000601,1.000601,424462309
2021-08-08,0.998981,1.001290,0.997928,0.999189,0.999189,395507847
2021-08-09,0.999740,1.003030,0.995424,0.999373,0.999373,405503615
2021-08-10,1.000384,1.001886,0.998189,0.999860,0.999860,387679719
2021-08-11,0.999922,1.002569,0.998154,1.000696,1.000696,419199697
2021-08-12,0.999963,1.002472,0.998574,1.000570,1.000570,412732940
2021-08-13,0.999953,1.001706,0.991332,0.999777,0.999777,414188337
2021-08-14,0.999744,1.005226,0.996824,0.999925,0.999925,405645856
2021-08-15,0.999769,1.003406,0.996904,0.999827,0.999827,386584490
2021-08-16,1.000012,1.003110,0.994675,1.000653,1.000653,430568734
2021-08-17,1.000755,1.002445,0.997670,1.000337,1.000337,420202316
2021-08-18,1.000344,1.004713,0.998118,1.000492,1.000492,393967126
2021-08-19,1.000548,1.001532,0.996959,0.999804,0.999804,383442727
2021-08-20,0.999533,1.001782,0.998428,1.000371,1.000371,393824972
2021-08-21,1.000251,1.003459,0.998455,1.000035,1.000035,402369162
2021-08-22,0.999700,1.002731,0.998471,1.000220,1.000220,393622123
2021-08-23,1.000399,1.003842,0.998387,1.000505,1.000505,424470183
2021-08-24,1.000505,1.005667,0.996783,1.000656,1.000656,454359165
2021-08-25,1.000072,1.002470,0.998372,1.000284,1.000284,489858253
2021-08-26,1.000101,1.002114,0.998192,1.000232,1.000232,449105624
2021-08-27,1.000839,1.002145,0.998429,1.000153,1.000153,457656925
2021-08-28,0.999864,1.001571,0.998946,1.000372,1.000372,418809789
2021-08-29,1.000210,1.003334,0.998735,1.001202,1.001202,424799130
2021-08-30,1.001427,1.002430,0.999007,1.000662,1.000662,409711182
2021-08-31,1.000302,1.001737,0.997936,1.000932,1.000932,444325203
2021-09-01,1.000230,1.001506,0.996547,0.999527,0.999527,424345949
2021-09-02,0.999999,1.001529,0.998884,0.999980,0.999980,441066612
2021-09-03,0.999835,1.000688,0.999466,0.999992,0.999992,365055863
2021-09-04,1.000011,1.000945,0.999614,1.000153,1.000153,243138274
2021-09-05,1.000168,1.001324,0.998773,0.999543,0.999543,249892235
2021-09-06,1.000099,1.004472,0.998098,0.999363,0.999363,302678393
2021-09-07,0.999518,1.010748,0.994360,1.000075,1.000075,362161626
2021-09-08,1.000024,1.004266,0.997929,1.000237,1.000237,332449527
2021-09-09,0.999986,1.001664,0.998133,1.000203,1.000203,335951622
2021-09-10,1.000005,1.002481,0.997817,1.000304,1.000304,312433231
2021-09-11,1.000467,1.001687,0.998792,1.000836,1.000836,287051049
2021-09-12,1.000936,1.003748,0.998684,0.999959,0.999959,264094108
2021-09-13,0.999724,1.007697,0.996408,1.000108,1.000108,291053033
2021-09-14,1.000139,1.001772,0.998297,1.000187,1.000187,287602369
2021-09-15,1.000301,1.000854,0.999466,0.999656,0.999656,287906393
2021-09-16,1.000143,1.001959,0.997838,0.999885,0.999885,263818646
2021-09-17,1.000037,1.001750,0.999197,0.999508,0.999508,258305923
2021-09-18,0.999761,1.001438,0.998303,0.999428,0.999428,254436825
2021-09-19,0.999281,1.004482,0.997890,1.000236,1.000236,257843056
2021-09-20,1.000035,1.006333,0.995787,1.000636,1.000636,264073928
2021-09-21,0.998778,1.004484,0.997777,0.998761,0.998761,245881973
2021-09-22,1.000705,1.002002,0.996838,0.999673,0.999673,251651220
2021-09-23,0.999990,1.001541,0.998703,1.000288,1.000288,226816887
2021-09-24,1.000084,1.004092,0.997529,1.000454,1.000454,235942143
2021-09-25,1.000299,1.001921,0.998240,1.000316,1.000316,200866608
2021-09-26,1.000375,1.001332,0.999169,1.000296,1.000296,235402657
2021-09-27,1.000255,1.001259,0.999258,1.000303,1.000303,199262131
2021-09-28,1.000277,1.002390,0.997748,1.000049,1.000049,182354349
2021-09-29,1.000262,1.002217,0.998208,0.999997,0.999997,177852352
2021-09-30,1.000312,1.001375,0.997439,1.000086,1.000086,189185797
2021-10-01,1.000010,1.001461,0.996597,0.999805,0.999805,229576992
2021-10-02,0.999654,1.002163,0.998708,0.999784,0.999784,189240023
2021-10-03,1.000215,1.001907,0.997107,0.999802,0.999802,193860227
2021-10-04,0.999985,1.002602,0.997668,0.999803,0.999803,179008972
2021-10-05,0.999022,1.001598,0.997606,0.999725,0.999725,198171636
2021-10-06,0.999985,1.002224,0.996544,1.000219,1.000219,203257233
2021-10-07,1.000085,1.002087,0.998235,1.000085,1.000085,226447899
2021-10-08,1.000142,1.001730,0.998890,0.999952,0.999952,215652985
2021-10-09,1.000434,1.001085,0.997933,0.999800,0.999800,221822305
2021-10-10,0.999714,1.002585,0.998070,1.001260,1.001260,241590243
2021-10-11,1.001124,1.003071,0.998720,1.000476,1.000476,232030299
2021-10-12,1.000351,1.004334,0.998290,1.000144,1.000144,232137981
2021-10-13,1.000464,1.002300,0.998457,0.998661,0.998661,252281017
2021-10-14,0.998578,1.000964,0.992602,1.000087,1.000087,275158659
2021-10-15,0.999982,1.001021,0.996566,0.999318,0.999318,217776551
2021-10-16,0.999068,1.002780,0.998614,1.000076,1.000076,196716958
2021-10-17,1.000078,1.003340,0.999147,1.000254,1.000254,34138737
2021-10-18,1.000311,1.002323,0.999078,1.000289,1.000289,188905405
2021-10-19,1.000290,1.002361,0.998753,0.999848,0.999848,231563944
2021-10-20,0.999925,1.000689,0.998988,0.999579,0.999579,220906909
2021-10-21,0.999737,1.008907,0.998043,1.000261,1.000261,306943982
2021-10-22,1.000114,1.001209,0.999419,1.000090,1.000090,254951063
2021-10-23,1.000164,1.001589,0.998751,1.000996,1.000996,164287019
2021-10-24,1.000984,1.002388,0.998181,1.000797,1.000797,161707574
2021-10-25,1.000812,1.001260,0.990591,0.999742,0.999742,198809332
2021-10-26,0.999630,1.002023,0.999203,1.000067,1.000067,186186948
2021-10-27,1.000203,1.005790,0.995472,1.000369,1.000369,213195173
2021-10-28,1.000128,1.008979,0.996340,1.000080,1.000080,203493803
2021-10-29,1.000240,1.001761,0.998563,0.999914,0.999914,196275236
2021-10-30,0.999919,1.000887,0.999421,1.000092,1.000092,179368987
2021-10-31,1.000210,1.001192,0.999010,0.999810,0.999810,174962639
2021-11-01,0.999597,1.001164,0.996616,0.999867,0.999867,192999353
2021-11-02,0.999622,1.001993,0.995148,1.000126,1.000126,183593651
2021-11-03,1.000032,1.004092,0.999298,1.000074,1.000074,183226955
2021-11-04,1.000103,1.000895,0.999371,1.000311,1.000311,169017119
2021-11-05,1.000285,1.001422,0.999480,1.000743,1.000743,160515923
2021-11-06,1.000717,1.002319,0.999308,1.000673,1.000673,148210106
2021-11-07,1.000733,1.001457,0.999618,1.000969,1.000969,145376910
2021-11-08,1.000893,1.001193,0.999271,1.000004,1.000004,165197799
2021-11-09,0.999918,1.001288,0.998731,1.000104,1.000104,163007367
2021-11-10,1.000057,1.002333,0.996760,0.999515,0.999515,172374022
2021-11-11,0.999583,1.001774,0.998157,1.001452,1.001452,158085288
2021-11-12,1.000894,1.002058,0.997165,0.999122,0.999122,155210136
2021-11-13,1.000035,1.002197,0.998024,1.001224,1.001224,139333139
2021-11-14,1.001179,1.001967,0.998100,1.000650,1.000650,133116999
2021-11-15,1.000793,1.002168,0.997815,1.000197,1.000197,133103576
2021-11-16,1.001418,1.037895,0.998120,1.000830,1.000830,153714575
2021-11-17,1.000633,1.020867,0.997669,0.999939,0.999939,166848676
2021-11-18,0.999813,1.001982,0.997447,0.999502,0.999502,230048735
2021-11-19,0.999293,1.001631,0.997673,1.000454,1.000454,211821742
2021-11-20,1.000332,1.001525,0.998009,0.999328,0.999328,211711490
2021-11-21,0.999914,1.001505,0.997703,1.000553,1.000553,245438006
2021-11-22,1.000311,1.001331,0.997696,1.000032,1.000032,228260412
2021-11-23,0.999921,1.002189,0.998253,1.000165,1.000165,208770391
2021-11-24,1.000058,1.001821,0.997881,1.000550,1.000550,202479998
2021-11-25,0.999688,1.001702,0.998281,0.999698,0.999698,130969248
2021-11-26,1.000134,1.002127,0.998126,0.999949,0.999949,154519768
2021-11-27,0.999626,1.001743,0.998070,1.000893,1.000893,150479402
2021-11-28,1.000701,1.001533,0.998254,0.999842,0.999842,146674167
2021-11-29,0.999663,1.001491,0.997395,1.000111,1.000111,178922309
2021-11-30,0.999966,1.001517,0.997704,0.999827,0.999827,205125528
2021-12-01,0.999794,1.001401,0.997929,0.999809,0.999809,207575531
2021-12-02,0.999811,1.001640,0.997607,0.998737,0.998737,199664525
2021-12-03,0.999393,1.005348,0.996855,1.000435,1.000435,192708405
2021-12-04,0.999730,1.024210,0.980286,0.999206,0.999206,294657592
2021-12-05,0.998850,1.002869,0.997160,0.999219,0.999219,95114450
2021-12-06,0.999137,1.001094,0.997289,0.999986,0.999986,112608250
2021-12-07,1.000451,1.000943,0.998208,1.000228,1.000228,83806308
2021-12-08,1.000196,1.001092,0.997447,0.999784,0.999784,105039029
2021-12-09,0.998827,1.001385,0.997617,1.000381,1.000381,81016608
2021-12-10,1.000604,1.001693,0.997986,1.001662,1.001662,101334878
2021-12-11,1.001418,1.001853,0.997845,1.000431,1.000431,75281138
2021-12-12,1.000188,1.003299,0.997562,1.000372,1.000372,116773634
2021-12-13,1.000878,1.002337,0.997778,0.999492,0.999492,62163370
2021-12-14,0.999755,1.002237,0.997829,1.000324,1.000324,51568504
2021-12-15,1.000133,1.001538,0.997187,1.000076,1.000076,86349524
2021-12-16,1.000073,1.001903,0.998719,0.999939,0.999939,59282934
2021-12-17,1.000267,1.002107,0.998395,1.000480,1.000480,60266037
2021-12-18,1.000497,1.001636,0.998418,0.999960,0.999960,57060198
2021-12-19,0.999793,1.001926,0.997855,0.999892,0.999892,49333080
2021-12-20,0.999756,1.001860,0.998170,0.998948,0.998948,57658910
2021-12-21,0.999013,1.001694,0.996305,1.000169,1.000169,59184813
2021-12-22,1.000267,1.001650,0.997889,1.000120,1.000120,71145746
2021-12-23,0.999988,1.001711,0.997989,0.999918,0.999918,67614520
2021-12-24,0.999991,1.001639,0.997755,1.000710,1.000710,69854568
2021-12-25,1.000590,1.001555,0.997531,0.999251,0.999251,69148934
2021-12-26,0.999193,1.001349,0.997702,0.999909,0.999909,64984398
2021-12-27,0.999796,1.001336,0.997553,0.999119,0.999119,68330680
2021-12-28,0.999326,1.001824,0.997925,1.000942,1.000942,66932130
2021-12-29,1.000758,1.002477,0.998151,1.000116,1.000116,60473850
2021-12-30,1.000194,1.001909,0.998297,1.000696,1.000696,44978707
2021-12-31,1.000647,1.002540,0.996971,0.998768,0.998768,55770034
2022-01-01,0.999841,1.002591,0.997336,1.001579,1.001579,52443331
2022-01-02,1.001548,1.002033,0.997044,0.999737,0.999737,40445557
2022-01-03,0.999691,1.002319,0.995278,0.999966,0.999966,36502448
2022-01-04,1.000190,1.002320,0.997147,0.999420,0.999420,32587601
2022-01-05,0.999359,1.007293,0.993820,0.997757,0.997757,37179767
2022-01-06,0.997919,1.004397,0.995260,1.000425,1.000425,38210474
2022-01-07,0.999949,1.005902,0.994185,1.000585,1.000585,35634389
2022-01-08,1.000671,1.005752,0.994374,0.997580,0.997580,22492177
2022-01-09,0.998131,1.003499,0.996436,0.999624,0.999624,19317245
2022-01-10,0.999304,1.006630,0.989889,1.000467,1.000467,19860866
2022-01-11,1.000353,1.003706,0.996627,0.999965,0.999965,18210154
2022-01-12,1.000144,1.004030,0.997110,0.999427,0.999427,27664911
2022-01-13,0.999636,1.003632,0.994184,0.998145,0.998145,15365284
2022-01-14,0.998997,1.003304,0.995395,0.999487,0.999487,31221819
2022-01-15,0.999972,1.002274,0.996558,0.999511,0.999511,18789127
2022-01-16,0.999073,1.002754,0.995051,0.999313,0.999313,11994808
2022-01-17,0.999850,1.004288,0.995857,1.000446,1.000446,11407168
2022-01-18,1.000480,1.003547,0.996752,0.999946,0.999946,22453857
2022-01-19,0.999812,1.003294,0.997002,0.999501,0.999501,15911981
2022-01-20,0.999749,1.002775,0.995840,0.999978,0.999978,10794365
2022-01-21,1.001601,1.005874,0.989159,1.002080,1.002080,34525423
2022-01-22,1.002286,1.011048,0.986792,0.999528,0.999528,49336565
2022-01-23,1.001534,1.010171,0.992839,0.999048,0.999048,64753029
2022-01-24,0.999945,1.006795,0.992842,0.999388,0.999388,70375645
2022-01-25,0.999908,1.004973,0.993445,0.998059,0.998059,43748925
2022-01-26,0.998029,1.014529,0.991034,1.000156,1.000156,34097937
2022-01-27,0.999512,1.004757,0.994384,1.000089,1.000089,23883849
2022-01-28,0.999488,1.005160,0.993326,0.999369,0.999369,31614941
2022-01-29,0.999525,1.005256,0.993232,1.000345,1.000345,29947528
2022-01-30,1.000623,1.003648,0.995239,0.998411,0.998411,9003065
2022-01-31,0.999242,1.004159,0.993627,0.999577,0.999577,11846726
2022-02-01,0.999396,1.002490,0.994828,0.998336,0.998336,23986533
2022-02-02,0.998527,1.002652,0.992683,1.000132,1.000132,12120577
2022-02-03,0.999459,1.004695,0.994864,1.002571,1.002571,12097223
2022-02-04,1.000902,1.004763,0.992973,0.998876,0.998876,20699505
2022-02-05,0.999177,1.003209,0.995938,0.998947,0.998947,25512492
2022-02-06,0.999610,1.003362,0.994094,1.000587,1.000587,6049753
2022-02-07,1.000368,1.002700,0.996649,0.998459,0.998459,13054735
2022-02-08,0.999623,1.003244,0.990614,0.999582,0.999582,26561702
2022-02-09,0.998817,1.003236,0.994823,0.999372,0.999372,15391681
2022-02-10,0.999430,1.003127,0.992604,0.999981,0.999981,41533464
2022-02-11,0.999873,1.002891,0.995583,0.999675,0.999675,16513642
2022-02-12,1.000017,1.002717,0.997375,1.000490,1.000490,14540176
2022-02-13,1.000221,1.001918,0.997487,0.999069,0.999069,15784798
2022-02-14,0.997472,1.002486,0.996960,1.000059,1.000059,25229883
2022-02-15,1.000041,1.003064,0.997501,0.999209,0.999209,40256309
2022-02-16,1.000006,1.002157,0.997715,0.999816,0.999816,32255059
2022-02-17,0.998973,1.002489,0.997066,1.000008,1.000008,28801109
2022-02-18,1.000379,1.002607,0.997070,0.999648,0.999648,28550412
2022-02-19,0.999575,1.002285,0.996934,0.999830,0.999830,24728691
2022-02-20,0.999842,1.002800,0.997464,0.999524,0.999524,43784028
2022-02-21,0.999233,1.002954,0.996183,1.000416,1.000416,36524853
2022-02-22,1.000160,1.003417,0.996505,0.999591,0.999591,42663109
2022-02-23,0.999631,1.002235,0.996049,0.999117,0.999117,31172399
2022-02-24,0.997863,1.005325,0.995603,1.000517,1.000517,170316398
2022-02-25,1.000543,1.003946,0.995227,1.000036,1.000036,35291289
2022-02-26,0.999880,1.002284,0.996418,0.999831,0.999831,36830388
2022-02-27,0.999653,1.002792,0.996438,0.999793,0.999793,32884619
2022-02-28,0.999720,1.002583,0.995437,1.000666,1.000666,54849543
2022-03-01,1.000402,1.003072,0.995695,0.999603,0.999603,46717185
2022-03-02,0.999713,1.002359,0.997186,0.999977,0.999977,33862498
2022-03-03,0.999781,1.001313,0.996708,0.999985,0.999985,24152673
2022-03-04,0.999988,1.002301,0.995812,1.000036,1.000036,38428350
2022-03-05,1.000035,1.001649,0.997723,0.999834,0.999834,14978224
2022-03-06,1.000066,1.001969,0.995400,0.999677,0.999677,20841672
2022-03-07,0.999797,1.002089,0.997115,1.000055,1.000055,30893035
2022-03-08,0.999692,1.003414,0.997333,1.000175,1.000175,41377303
2022-03-09,1.000112,1.001603,0.997789,0.999776,0.999776,33732998
2022-03-10,0.999744,1.001629,0.993805,0.999689,0.999689,27282094
2022-03-11,0.999837,1.001955,0.997561,0.999567,0.999567,45038917
2022-03-12,0.999605,1.001455,0.998067,0.998640,0.998640,33569048
2022-03-13,0.998706,1.001321,0.995661,1.000024,1.000024,36182122
2022-03-14,0.999734,1.003305,0.997192,1.001144,1.001144,39505971
2022-03-15,1.000955,1.002431,0.996308,0.999287,0.999287,40659102
2022-03-16,0.999552,1.003347,0.996222,1.000857,1.000857,39068269
2022-03-17,1.000850,1.001947,0.997093,0.999938,0.999938,27640143
2022-03-18,0.999679,1.004001,0.997430,0.999938,0.999938,39212243
2022-03-19,0.999898,1.002189,0.997343,1.000656,1.000656,26766167
2022-03-20,1.000723,1.002347,0.997805,0.999610,0.999610,19819588
2022-03-21,0.999538,1.001701,0.996083,0.999677,0.999677,25572330
2022-03-22,0.999796,1.002690,0.997091,0.999111,0.999111,37912985
2022-03-23,0.999090,1.002046,0.996489,1.000328,1.000328,16567733
2022-03-24,1.000289,1.003003,0.996594,1.000138,1.000138,32338888
2022-03-25,1.000104,1.001711,0.997209,0.999586,0.999586,20494951
2022-03-26,0.999622,1.001318,0.997770,1.000045,1.000045,19092941
2022-03-27,1.000234,1.003959,0.997687,1.000421,1.000421,17739256
2022-03-28,1.000713,1.002515,0.997112,0.999940,0.999940,31399119
2022-03-29,0.999278,1.003223,0.995884,1.000637,1.000637,35392040
2022-03-30,1.000439,1.002729,0.996632,0.999842,0.999842,32128866
2022-03-31,1.000017,1.003106,0.993085,0.999703,0.999703,32581927
2022-04-01,1.000160,1.004264,0.995757,1.000444,1.000444,31765990
2022-04-02,1.000337,1.003179,0.995162,1.000548,1.000548,9757844
2022-04-03,0.999825,1.002966,0.998103,1.000322,1.000322,10213208
2022-04-04,0.999937,1.002523,0.996570,1.000463,1.000463,11152838
2022-04-05,1.000447,1.002050,0.995193,1.000084,1.000084,9842537
2022-04-06,0.999855,1.002225,0.991672,0.999490,0.999490,16140524
2022-04-07,0.999396,1.002657,0.997504,0.999685,0.999685,10033897
2022-04-08,0.999988,1.003177,0.997126,1.000008,1.000008,11071760
2022-04-09,1.000105,1.002272,0.997961,1.000807,1.000807,7733669
2022-04-10,1.000678,1.003555,0.997071,0.997961,0.997961,7625400
2022-04-11,0.998712,1.002510,0.996103,0.998850,0.998850,17143179
2022-04-12,0.999791,1.005088,0.994884,1.000223,1.000223,13053578
2022-04-13,0.999947,1.002866,0.994824,0.999989,0.999989,17384773
2022-04-14,1.000230,1.002150,0.994972,1.000243,1.000243,16856922
2022-04-15,1.000289,1.003172,0.997582,0.999770,0.999770,14736576
2022-04-16,0.999817,1.001837,0.995950,1.000004,1.000004,15372250
2022-04-17,0.999634,1.001019,0.996795,0.999115,0.999115,12602582
2022-04-18,0.999450,1.004147,0.989424,1.000964,1.000964,24569684
2022-04-19,1.001101,1.005926,0.997452,1.001001,1.001001,16098900
2022-04-20,1.001025,1.002139,0.996405,0.999500,0.999500,18204172
2022-04-21,0.999450,1.002419,0.996777,1.000305,1.000305,18579227
2022-04-22,0.999857,1.002795,0.994903,0.999980,0.999980,17204412
2022-04-23,1.000176,1.001773,0.996674,0.999637,0.999637,12338724
2022-04-24,0.999054,1.002166,0.997382,0.999776,0.999776,15250377
2022-04-25,0.999883,1.004061,0.995830,1.000014,1.000014,22824670
2022-04-26,0.999560,1.002180,0.995418,0.999932,0.999932,30937509
2022-04-27,0.999984,1.004030,0.995783,1.000683,1.000683,22028181
2022-04-28,1.000691,1.005517,0.995533,1.000337,1.000337,24630892
2022-04-29,1.000087,1.001710,0.997053,1.000351,1.000351,17174635
2022-04-30,1.000273,1.002437,0.991221,0.999206,0.999206,16551908
2022-05-01,0.999242,1.005326,0.995611,1.001488,1.001488,13724431
2022-05-02,1.001345,1.003875,0.992182,0.999402,0.999402,19194952
2022-05-03,0.999309,1.003177,0.996526,1.000898,1.000898,11171003
2022-05-04,1.000598,1.004568,0.996969,1.000454,1.000454,21010613
2022-05-05,1.000417,1.002763,0.990126,1.000563,1.000563,21140036
2022-05-06,1.000297,1.004457,0.994794,0.999870,0.999870,21088246
2022-05-07,1.000128,1.002496,0.994177,0.999225,0.999225,6677300
2022-05-08,0.999259,1.004480,0.997281,0.998753,0.998753,13675359
2022-05-09,0.999077,1.006682,0.994264,0.998695,0.998695,31063185
2022-05-10,0.999383,1.007039,0.993123,1.001379,1.001379,45039035
2022-05-11,1.000488,1.007189,0.989749,1.001199,1.001199,104349243
2022-05-12,1.001157,1.033497,0.982959,0.999953,0.999953,76670696
2022-05-13,0.998901,1.014569,0.989288,0.999188,0.999188,38947528
2022-05-14,0.999686,1.008356,0.990519,1.001495,1.001495,23043501
2022-05-15,1.001603,1.007859,0.994111,1.004661,1.004661,34797653
2022-05-16,1.004772,1.007588,0.988117,0.999379,0.999379,22751224
2022-05-17,0.999399,1.010574,0.989259,1.000920,1.000920,22655774
2022-05-18,1.000938,1.006032,0.988832,0.997527,0.997527,12430967
2022-05-19,0.998179,1.006132,0.995127,1.002066,1.002066,17188546
2022-05-20,1.001692,1.008761,0.993911,0.999318,0.999318,14553459
2022-05-21,0.999537,1.006474,0.995219,1.000108,1.000108,8845543
2022-05-22,1.000345,1.012012,0.990761,1.001879,1.001879,10963056
2022-05-23,1.000864,1.005804,0.993308,1.000063,1.000063,12193466
2022-05-24,1.000302,1.005278,0.994166,1.000719,1.000719,16091497
2022-05-25,1.000462,1.005240,0.994828,0.998713,0.998713,12428169
2022-05-26,0.999089,1.005321,0.995649,0.998730,0.998730,19619349
2022-05-27,0.997862,1.006814,0.993437,1.000477,1.000477,13473059
2022-05-28,1.003212,1.007165,0.991321,1.000376,1.000376,7140361
2022-05-29,1.000651,1.003783,0.996945,1.001228,1.001228,7151380
2022-05-30,1.001066,1.005859,0.993669,1.000753,1.000753,103114425
2022-05-31,1.000924,1.005654,0.993518,0.999767,0.999767,14049439
2022-06-01,0.999496,1.004609,0.990992,0.999231,0.999231,30118932
2022-06-02,0.999062,1.006106,0.991685,1.000416,1.000416,30296971
2022-06-03,1.000549,1.002752,0.986393,0.999475,0.999475,16971881
2022-06-04,0.999777,1.003996,0.995558,1.000255,1.000255,18866983
2022-06-05,1.000371,1.005135,0.995413,0.999486,0.999486,9355846
2022-06-06,0.999543,1.003942,0.995622,1.001848,1.001848,22586414
2022-06-07,1.001831,1.005140,0.986230,0.999586,0.999586,20141147
2022-06-08,0.999008,1.006784,0.991292,0.999559,0.999559,12812471
2022-06-09,0.999388,1.003986,0.996327,1.000702,1.000702,9473880
2022-06-10,1.000529,1.004981,0.992638,0.998656,0.998656,9973194
2022-06-11,0.999557,1.010171,0.992027,0.999271,0.999271,8825138
2022-06-12,1.000245,1.014059,0.994443,0.997660,0.997660,10747900
2022-06-13,0.997109,1.011533,0.988976,1.000204,1.000204,59658267
2022-06-14,1.000772,1.016452,0.988638,1.002164,1.002164,30069393
2022-06-15,1.002672,1.013306,0.993169,1.003562,1.003562,53251544
2022-06-16,1.004296,1.013074,0.987086,1.000366,1.000366,19440269
2022-06-17,1.000540,1.008937,0.992297,1.003619,1.003619,12783653
2022-06-18,1.002962,1.013262,0.992357,1.005364,1.005364,13568769
2022-06-19,1.004683,1.012403,0.992261,1.005061,1.005061,21302083
2022-06-20,1.004464,1.011196,0.993076,1.004831,1.004831,18638633
2022-06-21,1.004572,1.008605,0.991848,0.999076,0.999076,14259684
2022-06-22,1.000591,1.007474,0.993450,1.001033,1.001033,10734474
2022-06-23,1.001105,1.009939,0.993550,1.001883,1.001883,8910073
2022-06-24,1.001532,1.007657,0.992795,0.998015,0.998015,9939833
2022-06-25,0.998057,1.007232,0.996025,1.000644,1.000644,8801664
2022-06-26,1.000380,1.005354,0.991252,0.997593,0.997593,20697307
2022-06-27,0.997693,1.005256,0.992042,0.999417,0.999417,12924762
2022-06-28,0.998817,1.006305,0.989842,1.000608,1.000608,14646338
2022-06-29,1.000056,1.007015,0.994243,1.000524,1.000524,30981989
2022-06-30,1.000543,1.008494,0.992699,1.002442,1.002442,14333789
2022-07-01,1.003714,1.008422,0.988422,0.997457,0.997457,12068871
2022-07-02,0.999101,1.004101,0.993674,0.999984,0.999984,16091305
2022-07-03,1.000056,1.004818,0.992733,1.000165,1.000165,3970502
2022-07-04,1.000222,1.006948,0.994366,1.002067,1.002067,11404353
2022-07-05,1.001521,1.004420,0.990880,0.999247,0.999247,15640553
2022-07-06,0.999749,1.004074,0.995128,0.999775,0.999775,10876640
2022-07-07,0.999755,1.004731,0.997941,1.000878,1.000878,14269065
2022-07-08,1.000900,1.007180,0.989347,0.996343,0.996343,22426435
2022-07-09,1.000419,1.006272,0.997834,0.999329,0.999329,30504530
2022-07-10,0.999554,1.003283,0.994567,1.000812,1.000812,32305416
2022-07-11,1.000469,1.005194,0.991243,0.995984,0.995984,33381968
2022-07-12,0.996193,1.004158,0.993253,0.996927,0.996927,19477963
2022-07-13,0.997073,1.007917,0.979184,1.003097,1.003097,9079659
2022-07-14,1.002653,1.008661,0.990871,1.000799,1.000799,9503732
2022-07-15,1.001246,1.006669,0.994790,0.999020,0.999020,6440324
2022-07-16,0.998793,1.007102,0.994247,1.000392,1.000392,6972238
2022-07-17,1.000681,1.005494,0.993511,0.994277,0.994277,7123573
2022-07-18,0.994729,1.007477,0.994562,1.004308,1.004308,22042792
2022-07-19,1.002860,1.008820,0.994236,0.999537,0.999537,22007385
2022-07-20,0.999334,1.006682,0.990181,0.998198,0.998198,19886917
2022-07-21,0.998449,1.004316,0.992654,0.999601,0.999601,941283
2022-07-22,0.999601,1.001093,0.997401,0.999267,0.999267,1087331
2022-07-23,0.999267,1.001428,0.997839,1.000427,1.000427,947764
2022-07-24,1.000427,1.002124,0.998425,1.001797,1.001797,934457
2022-07-25,1.001797,1.001891,0.997721,1.000526,1.000526,936456
2022-07-26,1.000526,1.001840,0.997079,1.000480,1.000480,927427
2022-07-27,1.000480,1.002990,0.998891,0.999962,0.999962,926827
2022-07-28,0.999962,1.009198,0.992790,0.999866,0.999866,5545815
2022-07-29,0.999967,1.006683,0.995024,0.999426,0.999426,5279892
2022-07-30,0.999547,1.003231,0.993556,0.999979,0.999979,4176533
2022-07-31,0.999833,1.005071,0.988821,0.997195,0.997195,3227065
2022-08-01,0.997152,1.003158,0.994798,1.000915,1.000915,7243769
2022-08-02,1.000541,1.005959,0.992403,0.998653,0.998653,6685385
2022-08-03,0.998631,1.003567,0.990856,0.999535,0.999535,4022629
2022-08-04,0.999461,1.005900,0.993200,1.000858,1.000858,8304328
2022-08-05,1.000178,1.005625,0.996110,1.003592,1.003592,16604090
2022-08-06,1.003659,1.003868,0.995223,0.998722,0.998722,4401803
2022-08-07,0.999566,1.002854,0.995428,0.999468,0.999468,6501389
2022-08-08,1.000432,1.004993,0.992166,0.999974,0.999974,6909337
2022-08-09,1.000254,1.002875,0.991266,0.998765,0.998765,2850968
2022-08-10,0.998756,1.010780,0.995182,1.001559,1.001559,4377356
2022-08-11,1.001654,1.006794,0.995141,0.999130,0.999130,22748272
2022-08-12,0.998717,1.004725,0.992535,1.001343,1.001343,4402033
2022-08-13,1.001362,1.005074,0.992665,0.998266,0.998266,5967020
2022-08-14,0.998888,1.003133,0.992834,0.999214,0.999214,3412061
2022-08-15,0.999398,1.005949,0.991171,0.997655,0.997655,5380123
2022-08-16,0.997420,1.003493,0.989983,0.996411,0.996411,4101105
2022-08-17,0.996178,1.000298,0.925146,0.963729,0.963729,16739459
2022-08-18,0.964472,0.999764,0.843915,0.991810,0.991810,83700335
2022-08-19,0.990948,1.002791,0.984064,0.994394,0.994394,21394448
2022-08-20,0.994225,1.001852,0.990807,0.998264,0.998264,3419734
2022-08-21,0.997898,1.010711,0.991810,0.994047,0.994047,1452209
2022-08-22,0.994075,1.003463,0.980790,1.001173,1.001173,5870019
2022-08-23,1.000142,1.001868,0.982024,0.994215,0.994215,1945740
2022-08-24,0.993535,1.002821,0.988282,0.993838,0.993838,10040214
2022-08-25,0.995016,1.008310,0.993563,0.997591,0.997591,645786
2022-08-26,0.997207,1.008276,0.986759,0.995629,0.995629,1682325
2022-08-27,0.995313,1.005207,0.991205,0.998659,0.998659,1094836
2022-08-28,0.998093,1.003068,0.987560,0.995350,0.995350,634422
2022-08-29,0.995304,1.008073,0.987810,0.999793,0.999793,1153917
2022-08-30,1.000193,1.005417,0.985222,0.994170,0.994170,893093
2022-08-31,0.995213,1.003432,0.983336,0.993102,0.993102,887089
2022-09-01,0.994000,1.005253,0.988697,0.998767,0.998767,7848725
2022-09-02,0.998626,1.008876,0.986887,0.997517,0.997517,839087
2022-09-03,0.997685,0.999554,0.989868,0.997819,0.997819,299899
2022-09-04,0.998148,1.005174,0.991529,1.000935,1.000935,510942
2022-09-05,1.000941,1.004986,0.989641,0.997618,0.997618,554531
2022-09-06,0.997915,1.005599,0.977779,0.992282,0.992282,2167463
2022-09-07,0.991677,1.009502,0.986760,0.996964,0.996964,665902
2022-09-08,0.996946,1.002761,0.987942,0.997258,0.997258,707573
2022-09-09,0.997266,1.005069,0.992829,1.000372,1.000372,515050
2022-09-10,1.000365,1.002309,0.990604,0.996582,0.996582,554053
2022-09-11,0.996687,0.999914,0.989542,0.996857,0.996857,448408
2022-09-12,0.996960,1.006009,0.984929,0.997305,0.997305,622142
2022-09-13,0.997132,1.002960,0.978584,0.997190,0.997190,914229
2022-09-14,0.993713,1.004064,0.987021,0.997767,0.997767,1325688
2022-09-15,0.997910,1.007557,0.983506,0.994522,0.994522,949221
2022-09-16,0.994540,1.000419,0.989345,0.996647,0.996647,5206586
2022-09-17,0.996791,1.002626,0.991425,0.998012,0.998012,1007998
2022-09-18,0.997864,0.998107,0.987125,0.991738,0.991738,1652161
2022-09-19,0.991540,0.999310,0.988706,0.995575,0.995575,1325286
2022-09-20,0.995779,0.998899,0.987801,0.991278,0.991278,655741
2022-09-21,0.991110,1.002546,0.982845,0.995231,0.995231,3177544
2022-09-22,0.993699,1.000797,0.988009,0.993865,0.993865,665270
2022-09-23,0.993827,1.001562,0.987348,0.994572,0.994572,1309128
2022-09-24,0.994490,0.999848,0.987493,0.990595,0.990595,635396
2022-09-25,0.990502,0.995037,0.988034,0.989882,0.989882,819593
2022-09-26,0.989824,0.997623,0.986751,0.995691,0.995691,1692880
2022-09-27,0.995805,0.999902,0.987508,0.993335,0.993335,430481982
2022-09-28,0.992121,0.996031,0.986313,0.988589,0.988589,1875734
2022-09-29,0.988495,0.995761,0.987240,0.991110,0.991110,2040179
2022-09-30,0.991383,0.996333,0.986957,0.991421,0.991421,136396504
2022-10-01,0.991601,0.994513,0.986890,0.990317,0.990317,401628
2022-10-02,0.990108,0.996632,0.985830,0.990209,0.990209,484752
2022-10-03,0.990226,0.995286,0.987420,0.993122,0.993122,920831
2022-10-04,0.992876,0.995630,0.988116,0.992420,0.992420,509806
2022-10-05,0.992497,0.994472,0.987030,0.993916,0.993916,485889
2022-10-06,0.993893,0.997072,0.987653,0.991102,0.991102,393651
2022-10-07,0.991576,0.996028,0.987709,0.994359,0.994359,557776
2022-10-08,0.994046,0.996989,0.988369,0.992241,0.992241,308366
2022-10-09,0.992473,0.995480,0.988415,0.992009,0.992009,448731
2022-10-10,0.991942,0.996799,0.970668,0.974018,0.974018,1106966
2022-10-11,0.974018,0.989597,0.967118,0.989597,0.989597,909359
2022-10-12,0.989597,0.994185,0.950652,0.989237,0.989237,1432996
2022-10-13,0.989237,0.995826,0.974362,0.988301,0.988301,665144
2022-10-14,0.988301,1.003459,0.980955,0.991807,0.991807,43376097
2022-10-15,0.991807,0.996421,0.979154,0.985147,0.985147,3594888
2022-10-16,0.985147,0.992500,0.975429,0.981445,0.981445,727748
2022-10-17,0.981445,0.996902,0.979099,0.983478,0.983478,1509238
2022-10-18,0.983478,0.991024,0.975181,0.984422,0.984422,5718818
2022-10-19,0.984422,0.988151,0.962085,0.971934,0.971934,713233
2022-10-20,0.971717,0.977579,0.963790,0.968819,0.968819,1141800
2022-10-21,0.970117,0.988193,0.960996,0.976325,0.976325,4170733
2022-10-22,0.976325,0.992402,0.971334,0.987149,0.987149,2401757
2022-10-23,0.987149,0.992312,0.973799,0.988230,0.988230,315529
2022-10-24,0.988258,0.990456,0.976414,0.980118,0.980118,1884384
2022-10-25,0.980118,0.991440,0.977606,0.984699,0.984699,1186838
2022-10-26,0.984645,0.992220,0.978001,0.984553,0.984553,101153
2022-10-27,0.984553,0.998189,0.930857,0.930857,0.930857,611764
2022-10-28,0.930857,0.985070,0.800426,0.801604,0.801604,1207991
2022-10-29,0.801604,0.882759,0.689801,0.761998,0.761998,585336
2022-10-30,0.761998,0.766358,0.741364,0.747894,0.747894,42205
2022-10-31,0.747894,0.828331,0.284928,0.328204,0.328204,1451377
2022-11-01,0.328204,0.374725,0.310549,0.346190,0.346190,447262
2022-11-02,0.346190,0.349269,0.320941,0.324782,0.324782,160003
2022-11-03,0.324782,0.348141,0.323917,0.333892,0.333892,209708
2022-11-04,0.333787,0.333820,0.311046,0.311541,0.311541,69974
2022-11-05,0.311732,0.314607,0.300492,0.302685,0.302685,42945
2022-11-06,0.302572,0.302572,0.288483,0.290128,0.290128,25211
2022-11-07,0.290148,0.293283,0.274339,0.275428,0.275428,44113
2022-11-08,0.275428,0.279942,0.230901,0.234221,0.234221,104046
2022-11-09,0.234221,0.234221,0.182714,0.184181,0.184181,111293
2022-11-10,0.184248,0.193115,0.182812,0.189528,0.189528,40838
2022-11-11,0.189492,0.190543,0.177775,0.181207,0.181207,21589
2022-11-12,0.181319,0.181319,0.175979,0.177388,0.177388,20891